1	Winston Smith trabaja reescribiendo la historia para el Partido en un Estado que lo vigila todo, hasta que se atreve a pensar por su cuenta.
2	Ensayos póstumos de Mary McCarthy sobre literatura, con su mirada crítica y afilada.
3	El avaro Scrooge recibe en Nochebuena la visita de tres fantasmas que le enseñan su pasado, su presente y su futuro.
4	Alex, un joven ultraviolento de un futuro cercano, se somete a un tratamiento que lo «cura» de la violencia a costa de su libre albedrío.
5	Dos parejas de gemelos separados al nacer coinciden sin saberlo en la misma ciudad y encadenan malentendidos.
6	Ignatius J. Reilly, un sabelotodo gordo, excéntrico y vago, se ve obligado a buscar trabajo en Nueva Orleans.
7	Tras la muerte de sus padres con pocas semanas de diferencia, Eggers, con 21 años, cría a su hermano pequeño. Memorias con mucho humor.
10	Hemingway recuerda sus años de escritor joven y pobre en el París de los años 20, entre Fitzgerald, Gertrude Stein y los cafés.
11	Una acusación contra un médico indio tras una excursión a unas cuevas destapa las tensiones de la India colonial británica.
13	Woolf defiende que una mujer necesita dinero y una habitación propia para poder escribir ficción.
14	Lucy Honeychurch, joven inglesa de buena familia, viaja a Florencia y conoce a un chico que no encaja en sus convenciones.
15	En un internado de Nueva Inglaterra durante la Segunda Guerra Mundial, la amistad entre dos chicos se tiñe de rivalidad y culpa.
16	Blanche DuBois, una belleza sureña venida a menos, se instala en casa de su hermana en Nueva Orleans y choca con su cuñado Stanley.
17	Entre Londres y París durante la Revolución francesa, varias vidas se cruzan en torno al amor y el sacrificio.
18	Francie Nolan crece en la pobreza de Brooklyn a principios del siglo XX, con un padre alcohólico y adorable y una madre firme.
19	Alicia persigue a un conejo blanco y cae a un mundo absurdo de reinas, gatos que sonríen y fiestas de té sin fin.
20	Un joven ambicioso y pobre, deslumbrado por la alta sociedad, se ve arrastrado hacia un crimen. Basada en un caso real.
21	McCourt narra su infancia miserable en Limerick, con un padre alcohólico, con humor pese a todo.
22	Ana, casada con un alto funcionario, se enamora del conde Vronski en la alta sociedad rusa, en paralelo a la historia de Levin en el campo.
23	Diario de una adolescente judía escondida con su familia en una buhardilla de Ámsterdam durante la ocupación nazi.
25	La familia Bundren cruza Misisipi para enterrar a la madre en su pueblo natal, contado a través de quince voces distintas.
26	En 1935 una niña de 13 años malinterpreta lo que ve entre su hermana y el hijo de la criada, y su acusación marca tres vidas.
27	Memorias de Lucy Grealy, que perdió parte de la mandíbula por un cáncer en la infancia, sobre la belleza y la identidad.
28	Un cerdito criado por una perra pastora aprende a guiar ovejas. Origen de la película «Babe».
29	Ensayo que analiza la reacción mediática y política de los años 80 contra los avances del feminismo en Estados Unidos.
30	Dos jóvenes chinos enviados a reeducarse en la montaña durante la Revolución Cultural descubren novelas occidentales prohibidas y a una costurera.
31	Guerrilleros toman como rehenes a los invitados de una fiesta en Latinoamérica, entre ellos una soprano, y el cautiverio se alarga meses.
32	Sethe, una esclava fugada, vive en Ohio atormentada por el fantasma de su hija muerta.
33	Poema épico anglosajón: el héroe Beowulf se enfrenta al monstruo Grendel, a su madre y a un dragón. En la aclamada traducción de Heaney.
34	Ensayo provocador sobre mujeres «difíciles» de la historia y la cultura pop, de Dalila a Amy Fisher.
35	Una sociedad futura mantiene a todos felices con ingeniería genética, condicionamiento y una droga, el soma, a cambio de su libertad.
36	Nazneen, casada muy joven con un hombre mayor, llega de Bangladés a un barrio de Londres y poco a poco toma las riendas de su vida.
38	El ingenuo Cándido recorre el mundo repitiendo que todo ocurre para bien mientras le caen encima todas las desgracias.
39	Una adolescente acosada en el instituto descubre que tiene poderes telequinéticos, y el baile de fin de curso acaba en tragedia.
40	Un bombardero de la Segunda Guerra Mundial intenta librarse de las misiones, atrapado por una regla absurda del ejército.
41	Charlie, un niño muy pobre, encuentra uno de los cinco billetes dorados para visitar la fábrica de chocolate de Willy Wonka.
42	La araña Carlota teje palabras en su telaraña para salvar de la matanza a su amigo, el cerdito Wilbur.
43	Un chaval inseguro compra un Plymouth Fury del 58 destartalado, y el coche resulta tener voluntad propia y muy mala.
44	Novelas satíricas de Dawn Powell sobre la vida literaria y social de Nueva York y los pueblos de Ohio.
45	Los relatos de Dorothy Parker, ingeniosos y amargos, sobre la vida urbana, el amor y la soledad en el Nueva York de entreguerras.
46	Bette, una pariente pobre y resentida, maquina en secreto la ruina de su familia rica en el París del XIX.
47	Raskólnikov, un estudiante pobre, asesina a una usurera convencido de estar por encima de la moral, y la culpa lo devora.
48	Un San Bernardo bonachón contrae la rabia y deja a una madre y su hijo atrapados en un coche bajo el sol.
49	Una joven americana en Europa escandaliza a la sociedad expatriada por su naturalidad y su desprecio de las convenciones.
50	Eliza, criada en Chile por una familia inglesa, viaja a California durante la fiebre del oro en busca de su amante.
51	Dos adolescentes internados en un centro psiquiátrico, él con fobia a que lo toquen y ella con doble personalidad, se ayudan mutuamente.
52	La vida de David desde su infancia desgraciada hasta convertirse en escritor, con Micawber, Uriah Heep y la tía Betsey.
53	Chíchikov recorre la Rusia provinciana comprando «almas muertas», siervos fallecidos que siguen en los registros, para un negocio turbio.
54	Willy Loman, un viajante de comercio envejecido y fracasado, se aferra al sueño americano mientras su familia se desmorona.
55	A Deenie, una chica de 13 años con aspiraciones de modelo, le diagnostican escoliosis y debe llevar un corsé ortopédico.
56	Un grupo revolucionario en una ciudad de provincias rusa acaba en conspiración y asesinato, inspirado en un caso real.
57	Un hidalgo enloquecido por los libros de caballerías sale a desfacer entuertos junto a su escudero Sancho Panza.
58	El respetable doctor Jekyll crea una poción que libera su lado más oscuro: el señor Hyde.
59	Una anciana judía de Atlanta y su chófer negro construyen a lo largo de 25 años una amistad improbable.
60	Todos los cuentos y poemas de Poe, de «El gato negro» a «La caída de la casa Usher», terror gótico y relatos detectivescos.
62	En una isla que venera al autor de un pangrama, el consejo va prohibiendo letras a medida que se caen de un monumento. Novela epistolar que usa cada vez menos letras.
63	Eloise, una niña de seis años, vive en el Hotel Plaza de Nueva York y lo tiene revolucionado.
65	Emma Woodhouse, rica e ingeniosa, se dedica a emparejar a sus vecinos y se equivoca en casi todo.
66	Miles Roby lleva el restaurante de un pueblo de Maine venido a menos, dominado por la matriarca de una familia rica.
68	Un granjero pobre de Nueva Inglaterra, atrapado en un matrimonio amargo, se enamora de la joven prima de su esposa.
69	Spinoza expone su filosofía «al modo geométrico», con axiomas y demostraciones, sobre Dios, la naturaleza y la libertad humana.
71	Eva Luna, huérfana y narradora nata, sobrevive en un país latinoamericano contando historias.
72	Un joven americano viaja a Ucrania con un traductor peculiar para buscar a la mujer que salvó a su abuelo de los nazis.
73	Dos jóvenes ambiciosos viven burbujas especulativas en el Londres de 1690 y el Nueva York de 1990.
74	En un futuro donde los bomberos queman libros, Montag empieza a dudar de su trabajo.
77	Un periodista y su abogado recorren Las Vegas en un viaje alucinado de drogas buscando el sueño americano.
78	Tevye, un lechero judío de un pueblo ruso de principios del siglo XX, ve cómo sus hijas rompen con la tradición. Libreto del musical.
79	Un sueño de una noche en Dublín, escrito en un lenguaje inventado lleno de juegos de palabras. La obra más experimental de Joyce.
80	Un periodista investiga el tráfico de drogas en una playa de California cuando un millonario le ofrece dinero por matarlo.
81	Charlie, con discapacidad intelectual, se somete a una operación que triplica su inteligencia. Contado en sus propios informes.
82	Victor Frankenstein da vida a una criatura hecha de cadáveres y luego la abandona. La criatura busca respuestas.
83	Dos hermanos de la familia Glass: Franny sufre una crisis espiritual y su hermano Zooey intenta sacarla de ella.
84	Annabel, de 13 años, se despierta un viernes en el cuerpo de su madre.
85	Un crucero a las Galápagos en 1986 deja a un grupo de náufragos que serán los antepasados de la humanidad del futuro, narrado desde un millón de años después.
86	Butler plantea que el género no es algo innato sino algo que se «hace» y se repite. Obra fundacional de la teoría queer.
88	Una adolescente se enamora del surf y de los surfistas en las playas de Malibú de los años 50.
89	Memorias del año y medio que la autora pasó internada en un psiquiátrico a finales de los 60, tras un diagnóstico de trastorno límite.
91	Escarlata O'Hara lucha por sobrevivir y conservar su tierra en Georgia durante la guerra civil americana y la reconstrucción.
92	Pip, un huérfano pobre, recibe una fortuna de un benefactor anónimo y se marcha a Londres para convertirse en caballero.
93	El príncipe de Dinamarca duda si vengar a su padre, asesinado por su tío, que ahora ocupa el trono y está casado con su madre.
95	Harry participa en el peligroso Torneo de los Tres Magos mientras vuelve Lord Voldemort.
96	Harry descubre en su undécimo cumpleaños que es mago y empieza a estudiar en Hogwarts.
98	Marlow remonta el río Congo en busca de Kurtz, un comerciante de marfil del que se cuentan cosas inquietantes.
99	El fiscal del caso reconstruye los asesinatos cometidos por la «familia» de Charles Manson en 1969 y el juicio.
100	El príncipe Hal pasa las noches en tabernas con Falstaff mientras su padre, Enrique IV, se enfrenta a una rebelión.
101	Mientras el rey enferma, el príncipe Hal debe elegir entre Falstaff y la corona.
102	El joven rey Enrique V invade Francia y lleva a su ejército a la victoria en Agincourt.
103	Rob, dueño de una tienda de discos de Londres, repasa su top 5 de rupturas amorosas para entender por qué le dejan.
104	Relatos navideños con humor ácido, incluido el de sus días trabajando como elfo en los grandes almacenes Macy's.
105	Una mujer desahuciada por error y un excoronel iraní que compra su casa en una subasta se enfrentan por ella en California.
107	Lou, una chica australiana de 16 años muy inteligente e inadaptada, se va de intercambio con una familia de Estados Unidos.
108	Relatos sobre chicas y mujeres jóvenes en momentos que las cambian: enfermedad, religión, amistad.
109	El largo poema beat que retrata a «las mejores mentes» de una generación. Llevó a Ginsberg a juicio por obscenidad.
110	Memorias de una famosa groupie de los años 60 y 70, con Jimmy Page, Mick Jagger y compañía.
111	Capote reconstruye el asesinato de una familia de granjeros de Kansas en 1959 y la vida de los dos asesinos.
113	Un profesor es juzgado por enseñar la teoría de la evolución en un pueblo del sur de Estados Unidos. Inspirada en el juicio Scopes de 1925.
114	Francis Phelan, exjugador de béisbol convertido en vagabundo, vuelve a Albany y se enfrenta a los fantasmas de su pasado.
116	Jane, huérfana y maltratada, llega como institutriz a Thornfield Hall y se enamora de su enigmático dueño, el señor Rochester.
117	Bruto se une a la conspiración para asesinar a Julio César, convencido de que lo hace por Roma.
118	Un virus que borra el lenguaje empieza a propagarse. Novela satírica y experimental.
119	Bourdain destapa, con humor y crudeza, lo que pasa en las cocinas de los restaurantes de Nueva York.
120	Obra de toda la vida de Whitman, un canto en verso libre a la democracia, el cuerpo y la naturaleza americanos.
121	Clay vuelve a Los Ángeles por Navidad y se mueve entre jóvenes ricos, drogas y fiestas vacías en los años 80.
122	Diez cartas en las que Rilke aconseja a un joven que quiere ser poeta sobre la soledad, el amor y la creación.
124	Pi, hijo de un cuidador de zoo indio, naufraga y pasa 227 días en un bote salvavidas con un tigre de Bengala.
125	Amy Dorrit crece en la cárcel de deudores de Londres, donde está encerrado su padre.
126	Las cuatro hermanas March crecen en Nueva Inglaterra durante la guerra civil, con la escritora Jo al frente.
128	Un grupo de niños británicos naufraga en una isla desierta e intenta organizarse, hasta que se impone la barbarie.
129	Macbeth, impulsado por una profecía y por su esposa, asesina al rey de Escocia para quitarle el trono.
130	Emma Bovary, casada con un médico rural aburrido, busca en amantes y deudas la vida de las novelas románticas.
131	Un estudiante de Nueva York se ve enredado en una trama de espionaje y criminales nazis por culpa de su hermano.
132	Ensayos humorísticos sobre su familia, su infancia y su intento de aprender francés viviendo en París.
133	Primer tomo de memorias de Simone de Beauvoir, que cuenta cómo una niña burguesa y católica de París se convierte en intelectual libre.
135	Selección de los mejores textos del periodista H. L. Mencken, feroz satírico de la sociedad americana.
136	Cal, nacido intersexual, narra su historia y la de tres generaciones de su familia greco-americana, de Esmirna a Detroit.
137	Ismael se enrola en el ballenero del capitán Ahab, obsesionado con cazar la ballena blanca que le arrancó una pierna.
139	La ama de llaves de Proust durante sus últimos ocho años cuenta la vida cotidiana del escritor.
140	Un día de junio de 1923 en Londres, mientras Clarissa Dalloway prepara una fiesta y un veterano de guerra lucha con su trauma.
141	La rebelión de la tripulación del HMS Bounty contra el capitán Bligh en 1789, narrada como novela.
142	Hersh reconstruye la matanza de civiles en la aldea vietnamita de My Lai en 1968 y el intento de encubrirla. Su investigación ganó el Pulitzer.
144	Memorias de un niño criado en las comunas del gurú Bhagwan Shree Rajneesh en los años 80.
145	Anna, de 13 años, concebida para donar tejidos a su hermana enferma, demanda a sus padres por el derecho a decidir sobre su cuerpo.
147	El autor sufre un episodio psicótico tras publicar su primera novela, convencido de que el mundo está pendiente de ella.
148	Poemas de Emily Dickinson descubiertos en sus cartas y publicados en 1993.
149	Ehrenreich trabaja de camarera, limpiadora y dependienta para comprobar si se puede vivir con el salario mínimo en EE. UU.
150	Wiesel narra su deportación de adolescente a Auschwitz y Buchenwald junto a su padre.
151	Catherine, una joven lectora de novelas góticas, ve misterios terribles en la abadía de Northanger. Parodia del género gótico.
152	Columnas y relatos de Bukowski, publicados en un periódico underground de Los Ángeles, sobre borracheras, sexo y la vida en los márgenes.
153	Novelas satíricas de Dawn Powell sobre la vida literaria y social de Nueva York y los pueblos de Ohio.
154	George y Lennie, dos jornaleros durante la Gran Depresión, sueñan con tener su propia granja.
155	En un internado de élite en 1960, un alumno becado compite por conocer a Robert Frost, Ayn Rand y Hemingway.
156	Sal Paradise y Dean Moriarty cruzan Estados Unidos en coche una y otra vez, entre jazz, drogas y amistad. La novela de la generación beat.
157	McMurphy se hace pasar por loco para evitar la cárcel y desafía a la tiránica enfermera Ratched en un psiquiátrico.
158	Siete generaciones de la familia Buendía en el pueblo de Macondo, entre guerras, amores y prodigios.
159	Un escritor que se recupera de una enfermedad compra un cuaderno azul en Brooklyn y empieza una historia que se enreda con su vida.
160	Jimmy, quizá el último humano, recuerda a su amigo Crake, un genio de la biotecnología, y a Oryx, la mujer que ambos amaban.
161	Los secretos, escándalos e hipocresías de un pueblo aparentemente tranquilo de Nueva Inglaterra en los años 30 y 40.
163	Un muñeco de madera cobra vida y vive mil aventuras antes de aprender a ser un niño de verdad.
164	Pippi, una niña pelirroja con una fuerza descomunal, vive sola con un caballo y un mono, sin reglas.
165	Historia oral del punk en Nueva York, contada por sus protagonistas: Velvet Underground, Ramones, Patti Smith, Iggy Pop.
166	Elizabeth Bennet y el orgulloso señor Darcy se malinterpretan mutuamente hasta que dejan atrás sus prejuicios.
167	En una plantación de Luisiana en 1828, la mujer infeliz de un dueño de esclavos narra su vida, su odio a su marido y su relación con Sarah, una esclava.
169	Un profesor de fonética apuesta que puede hacer pasar por duquesa a una florista cockney enseñándole a hablar.
173	Nafisi reúne a siete alumnas en su casa de Teherán para leer en secreto literatura occidental prohibida por el régimen.
174	Una joven se casa con el viudo Maxim de Winter y descubre en Manderley la sombra de su difunta primera esposa, Rebeca.
175	Rebecca, una niña alegre e imaginativa, se va a vivir con sus tías solteronas y severas a un pueblo de Maine.
176	Holman recuerda su infancia en los años 70 cuidando de su madre, que sufría esquizofrenia.
177	Andy Dufresne, condenado injustamente, pasa décadas en la cárcel de Shawshank. Origen de la película «Cadena perpetua».
179	Dos viudas americanas en Roma recuerdan su juventud y sale a la luz un secreto de hace 25 años. Relato breve.
180	Dos jóvenes de familias enemigas de Verona se enamoran y se casan en secreto.
181	Una joven embarazada se muda con su marido a un edificio de Nueva York y empieza a sospechar de sus vecinos.
183	Tres generaciones de una familia italoamericana del Bronx marcadas por una tragedia en los años 50.
184	Una universitaria de buena familia cae en manos de un criminal en un local de contrabandistas de Misisipi.
185	Biografía de la poeta Edna St. Vincent Millay, estrella de los años 20 y símbolo de la mujer liberada.
186	La historia real de un caballo de carreras poco prometedor que se convirtió en ídolo de América durante la Gran Depresión.
187	Biografía de Colette, escritora francesa escandalosa y libre, del music-hall a la Academia Goncourt.
189	Las hermanas Dashwood, una sensata y otra apasionada, buscan amor y estabilidad tras quedarse sin fortuna.
190	Miller narra sus años en Nueva York, su segundo matrimonio y su obsesión por Mona. Muy explícita.
191	Un pistolero misterioso llega a un rancho de Wyoming y ayuda a una familia de colonos frente a un ganadero poderoso.
192	En la India de Buda, Siddhartha abandona su casa y recorre caminos espirituales y mundanos en busca de la iluminación.
193	Billy Pilgrim, superviviente del bombardeo de Dresde, viaja sin control por los momentos de su vida y es abducido por extraterrestres.
194	Dos jamaicanos llegan al Londres de 1948 y se cruzan con una pareja inglesa, entre el racismo de posguerra.
196	Un escritor agonizante en un safari africano repasa su vida desperdiciada. Relato breve.
198	Poesía completa de la puertorriqueña Julia de Burgos, sobre el amor, la identidad y la libertad.
199	Hornby escribe sobre 31 canciones que le importan y por qué, de Springsteen a Led Zeppelin.
200	Sonetos de amor que Elizabeth Barrett escribió a Robert Browning durante su noviazgo secreto.
201	Un joven escritor sureño se instala en Brooklyn en 1947 y conoce a Sophie, superviviente de Auschwitz que esconde un secreto.
202	Nabokov recuerda su infancia privilegiada en la Rusia prerrevolucionaria y su exilio.
203	Mary Roach investiga, con humor, qué pasa con los cuerpos donados a la ciencia.
204	Stuart, un ratón nacido en una familia neoyorquina, sale a recorrer el mundo en busca de su amiga, un pájaro.
205	Un grupo de expatriados americanos e ingleses en París viaja a Pamplona para los Sanfermines. Generación perdida pura.
206	El narrador evoca su infancia en Combray y el amor obsesivo de Swann por Odette. Primer tomo de «En busca del tiempo perdido».
207	Una bióloga marina cuenta sus encuentros con ballenas, delfines y focas en libertad.
208	El caso de una mujer tratada por su psiquiatra por dieciséis personalidades. Fue un superventas, aunque hoy su veracidad está muy cuestionada.
209	Un psiquiatra joven y brillante se casa con su paciente rica y su vida se hunde en la Riviera francesa de los años 20.
210	La relación entre una madre posesiva y excéntrica y su hija a lo largo de décadas, en Houston.
211	Huck huye de su padre y baja el Misisipi en balsa con Jim, un esclavo fugado.
212	Dos primos judíos, uno refugiado de Praga, crean en el Nueva York de los años 40 un superhéroe de cómic que lucha contra los nazis.
213	Ensayos de la gran escritora gastronómica americana sobre comer, cocinar y vivir.
214	Ensayo clásico de Henry James sobre la novela como arte y la libertad del escritor.
215	Tratado chino sobre estrategia militar que hoy se aplica a los negocios, la política y la vida.
216	Edna Pontellier, casada y madre, despierta a sus deseos durante un verano en Grand Isle, Luisiana.
217	Esther Greenwood, estudiante brillante en unas prácticas en Nueva York, se hunde en una depresión. Basada en la vida de Plath.
218	Diálogo sagrado hindú en el que Krishna le habla al guerrero Arjuna sobre el deber y la vida antes de una batalla.
219	El texto sagrado del judaísmo y el cristianismo, del Génesis al Apocalipsis.
220	Tres hermanos judíos huyen a los bosques de Bielorrusia y crean una comunidad que salvó a más de 1.200 judíos de los nazis.
221	Un grupo de peregrinos de camino a Canterbury se cuentan historias, de las piadosas a las más obscenas.
222	Holden Caulfield, expulsado de su internado, vaga tres días por Nueva York despreciando la falsedad del mundo adulto.
223	Una alumna rencorosa acusa a sus dos maestras de tener una relación lesbiana, y la mentira destruye sus vidas.
224	Bertie Wooster y su ayuda de cámara Jeeves se enredan en el robo de una jarrita de plata en una casa de campo.
225	Todos los relatos de Eudora Welty, ambientados en el sur de Estados Unidos, con humor y una gran mirada humana.
227	La obra completa de Anne Sexton, poeta confesional que escribió sobre la depresión, el cuerpo y la maternidad.
228	Edmundo Dantès, encarcelado injustamente, escapa del castillo de If y vuelve rico y con otra identidad para vengarse.
229	Sugar, una prostituta inteligente del Londres victoriano, prospera gracias a su relación con el heredero de una fábrica de perfumes.
230	En Salem en 1692, las acusaciones de brujería desatan la histeria colectiva. Alegoría de la caza de brujas de McCarthy.
231	Christopher, un adolescente con autismo y genio de las matemáticas, investiga quién ha matado al perro de la vecina.
232	El profesor Robert Langdon investiga un asesinato en el Louvre y sigue pistas ocultas en obras de Leonardo.
233	La Exposición Universal de Chicago de 1893 y el asesino en serie H. H. Holmes, que la aprovechó para atraer víctimas.
234	La historia de Mötley Crüe contada por sus miembros: sexo, drogas y excesos del rock de los 80.
235	Dante recorre el Infierno, el Purgatorio y el Paraíso guiado por Virgilio y Beatriz.
236	Una directora de teatro se enfada con su madre, y las amigas de toda la vida de esta le mandan un álbum lleno de secretos del pasado.
237	Crónica del viaje de Ken Kesey y los Merry Pranksters por Estados Unidos en un autobús psicodélico en los años 60.
239	Frodo sale de la Comarca con el Anillo Único y una compañía de nueve miembros para destruirlo. Primera parte de «El Señor de los Anillos».
240	Un viejo mecánico de feria muere intentando salvar a una niña y en el cielo conoce a cinco personas que marcaron su vida.
241	La amistad de dos chicos, uno blanco y otro negro, en el Brooklyn de los 70, con cómics, soul y un anillo mágico.
242	Howard Roark, un arquitecto que se niega a comprometer su visión, se enfrenta a todos. El credo individualista de Ayn Rand.
243	Pagels analiza los evangelios gnósticos hallados en Egipto en 1945 y lo que revelan sobre el cristianismo primitivo.
244	Dos mellizos de Kerala, en India, viven una tragedia familiar ligada a las castas y a un amor prohibido en 1969.
245	La familia Corleone, del patriarca Vito a su hijo Michael, en la mafia de Nueva York tras la Segunda Guerra Mundial.
246	Un americano narra los nueve años de amistad entre dos matrimonios y descubre todo lo que se le escapó.
247	Benjamin, recién graduado y sin rumbo, tiene una aventura con la señora Robinson y se enamora de su hija.
248	La familia Joad deja Oklahoma durante la Gran Depresión y parte hacia California buscando trabajo.
249	Nick Carraway observa a su vecino, el misterioso millonario Jay Gatsby, obsesionado con recuperar a su antiguo amor, Daisy.
250	Ocho amigas de la universidad Vassar se casan, trabajan y se equivocan en el Nueva York de los años 30.
251	Monumental historia de Roma desde el siglo II hasta la caída de Constantinopla en 1453.
253	Cuatro generaciones de la familia Trueba en Chile, entre el realismo mágico y la historia política del país.
254	En el París de 1482, el campanero jorobado Quasimodo se enamora de la gitana Esmeralda.
255	La cólera de Aquiles durante el asedio de Troya y sus consecuencias, en el poema fundacional de Occidente.
256	Cuatro madres chino-americanas que juegan al mahjong y sus cuatro hijas, entre dos culturas.
257	En un campamento minero, un tahúr apuesta que su rana salta más que ninguna. El relato que hizo famoso a Twain.
258	Una familia de inmigrantes lituanos trabaja en los mataderos de Chicago en condiciones terribles. Provocó leyes de seguridad alimentaria.
259	Un anciano ruso cuenta cómo fue el pinche de cocina de la familia del zar Nicolás II durante sus últimos días en 1918.
260	Amir, de familia acomodada en Kabul, traiciona a su amigo Hassan y décadas después intenta redimirse.
261	Ensayos de Gore Vidal sobre política, historia y literatura estadounidenses.
262	Un golfista caído en desgracia recupera su juego gracias a un misterioso caddie llamado Bagger Vance.
263	Memorias de una mujer que quedó con una deformación de columna tras una tuberculosis infantil y compró su propia casa en Maine.
264	Una niña pobre intenta vender cerillas en Nochevieja y las enciende una a una para calentarse.
265	Relatos inquietantes sobre lo siniestro en lo cotidiano, incluido «La lotería», sobre un extraño ritual en un pueblo.
266	Oliver, un rico estudiante de Harvard, y Jenny, una chica de clase trabajadora, se enamoran contra la opinión de su familia.
267	Susie, de 14 años, asesinada, observa desde el cielo cómo su familia intenta seguir adelante.
268	David Staunton, un abogado de éxito, empieza terapia jungiana en Zúrich tras la muerte de su padre.
269	El diablo visita el Moscú soviético con un gato gigante, mientras un escritor y su amante Margarita luchan por su amor.
270	Consuelo, una niña puertorriqueña de los años 50, se siente en medio de su familia mientras su hermana pequeña cae en la enfermedad mental.
271	Falstaff intenta seducir a dos mujeres casadas de Windsor para sacarles el dinero, y ellas le gastan bromas.
272	Gregor Samsa se despierta convertido en un insecto monstruoso y su familia no sabe qué hacer con él.
273	La profesora Annie Sullivan logra comunicarse con Helen Keller, una niña sorda y ciega.
275	Un pelotón estadounidense lucha en una isla del Pacífico durante la Segunda Guerra Mundial.
276	En una abadía benedictina de 1327, el fraile Guillermo de Baskerville investiga una serie de muertes misteriosas.
277	Gogol, hijo de inmigrantes bengalíes en EE. UU., lucha con su nombre y su identidad entre dos culturas.
281	Amy Tan reflexiona sobre su vida, su madre, su oficio de escritora y la suerte frente al destino.
283	Ponyboy y su pandilla de chicos pobres de Oklahoma se enfrentan a los chicos ricos. Escrita por una autora de 16 años.
285	Charlie, un adolescente tímido, narra en cartas su primer año de instituto, su amistad con unos mayores y sus traumas.
286	Dorian Gray, joven y bello, permanece intacto mientras su retrato envejece y se corrompe por él.
287	Columnas mensuales de Hornby sobre los libros que compra y los que realmente lee. Muy a juego con el reto.
288	Selección de relatos, poemas y críticas de Dorothy Parker, famosa por su ingenio mordaz.
289	Selección de las obras de Nietzsche, incluido «Así habló Zaratustra» completo, en la traducción de Kaufmann.
290	Conversaciones de Joseph Campbell con Bill Moyers sobre los mitos universales, el viaje del héroe y su sentido hoy.
292	Un hombre que llora a su amada muerta recibe en plena noche a un cuervo que solo responde: «Nunca más».
293	Larry, un veterano de la Primera Guerra Mundial, renuncia a una vida cómoda para buscar un sentido espiritual, hasta la India.
294	La historia de Dina, hija de Jacob en el Génesis, contada por ella y las mujeres de su familia.
295	Última parte de «El Señor de los Anillos»: la guerra por la Tierra Media y el viaje final de Frodo y Sam a Mordor.
298	En la Boston puritana del siglo XVII, Hester Prynne es obligada a llevar una A escarlata por adulterio y se niega a delatar al padre.
299	Beauvoir analiza por qué la mujer ha sido definida como «el otro»: «No se nace mujer, se llega a serlo».
300	En 1964 en Carolina del Sur, Lily, de 14 años, huye con su niñera negra y se refugia con tres hermanas apicultoras.
301	En la Barcelona de posguerra, Daniel encuentra en el Cementerio de los Libros Olvidados una novela cuyo autor esconde un misterio.
302	Un escritor en recuperación del alcoholismo cuida con su familia un hotel aislado en invierno, y el hotel tiene sus propios planes.
303	Un niño prodigio del violín, refugiado en Londres, desaparece el día de su debut en 1951. Cuarenta años después, su amigo busca respuestas.
304	Mary Beth «lee» las canciones que la gente tararea y adivina sus problemas, mientras su hermana pequeña cuenta su historia.
305	Los 154 sonetos de Shakespeare, dedicados a un joven hermoso y a una misteriosa «dama oscura».
306	La decadencia de la familia Compson del Misisipi, contada por tres hermanos, uno de ellos con discapacidad intelectual.
307	Helen Keller, sorda y ciega desde bebé, cuenta cómo aprendió a comunicarse gracias a su profesora Annie Sullivan.
308	Henry viaja en el tiempo sin control y Clare lo conoce desde que es niña. Historia de amor fuera del tiempo.
309	Ricardo, duque de Gloucester, manipula y asesina para hacerse con la corona de Inglaterra.
310	Josef K. es arrestado una mañana sin saber de qué se le acusa y se enreda en un proceso judicial absurdo.
311	Madeline, productora de cine en Hollywood, cuenta en cartas su lucha por sacar adelante una película mientras su hermana enferma.
312	Los diarios completos de Sylvia Plath desde la universidad hasta poco antes de su muerte.
314	Unos vecinos recuerdan, décadas después, a las cinco hermanas Lisbon y el verano de los 70 en que todas se quitaron la vida.
315	Dorothy es arrastrada por un tornado de Kansas a Oz y busca al Mago con el Espantapájaros, el Hombre de Hojalata y el León.
316	Didion escribe sobre el año tras la muerte repentina de su marido mientras su hija estaba en coma.
317	Jody, un niño de una granja de Florida, adopta un cervatillo huérfano a finales del siglo XIX.
318	Un ilustrador participa en un proyecto secreto del gobierno y viaja en el tiempo al Nueva York de 1882.
319	Harry Morgan, un capitán de barco de Cayo Hueso, se ve obligado a hacer contrabando durante la Gran Depresión.
320	Scout observa cómo su padre, el abogado Atticus Finch, defiende a un hombre negro acusado de violación en Alabama en los años 30.
321	Ann Patchett cuenta su amistad de casi veinte años con la escritora Lucy Grealy.
322	Un periodista visita cada martes a su antiguo profesor, que se muere de ELA, y hablan de la vida.
323	Un día en la vida de Leopold Bloom en Dublín, el 16 de junio de 1904, que reescribe la «Odisea».
324	Tom, un esclavo fiel y religioso, es vendido y separado de su familia. Novela que avivó el abolicionismo en EE. UU.
325	Reta, escritora de éxito, ve cómo su hija mayor deja la universidad para sentarse a mendigar en una esquina de Toronto.
326	Tres chicas llegan a Nueva York en los 40 buscando fama en el espectáculo y caen en las pastillas y el desengaño.
327	Becky Sharp, huérfana pobre y astuta, trepa por la sociedad inglesa de la época napoleónica sin escrúpulos.
329	Vladimir y Estragon esperan junto a un árbol a un tal Godot, que no llega nunca.
330	Thoreau vive dos años en una cabaña que se construyó junto al lago Walden, buscando una vida sencilla.
331	Bambi crece en el bosque y aprende a sobrevivir a los peligros, sobre todo al hombre. La novela original, más dura que la película.
332	Varias familias aristocráticas rusas viven las guerras napoleónicas, del salón a la batalla de Borodino.
335	Dos hermanas, antiguas estrellas de Hollywood, viven encerradas en una mansión con una rivalidad enfermiza.
336	Una familia japonesa-americana de Berkeley es enviada a un campo de internamiento en 1942.
337	El amor destructivo entre Catherine y Heathcliff, un huérfano adoptado, en los páramos de Yorkshire.
338	Constance, casada con un aristócrata paralítico, tiene una aventura con el guardabosques de la finca. Estuvo prohibida décadas.
340	Oliver, un huérfano que escapa del hospicio, cae en Londres en una banda de ladrones liderada por Fagin.
341	Yago, resentido, convence al general moro Otelo de que su esposa Desdémona le es infiel.
342	La herencia de un basurero rico desata intrigas y falsas identidades en el Londres victoriano, con un cadáver sacado del Támesis.
343	Karen Blixen recuerda los años en que llevó una plantación de café en Kenia, sus gentes y paisajes.
345	Cuatro hermanos atraviesan un armario y llegan a Narnia, un mundo bajo el eterno invierno de la Bruja Blanca.
346	Tras la guerra de Troya, Ulises tarda diez años en volver a Ítaca, entre cíclopes, sirenas y dioses.
349	Una pareja de profesores universitarios, George y Martha, invita a otra pareja más joven y la noche se convierte en guerra.
350	La Bruja Mala del Oeste de Oz, antes de serlo: Elphaba, una chica de piel verde, lucha contra un régimen injusto.
